Title,URL,Year,Rating
The Shawshank Redemption,https://www.imdb.com//title/tt0111161/?pf_rd_m=A2FGELUUNOQJNL&pf_rd_p=2398042102&pf_rd_r=0F1P6X3M7GTYYPARYPPC&pf_rd_s=center-1&pf_rd_t=15506&pf_rd_i=top&ref_=chttp_tt_1,1994,9.2
The Godfather,https://www.imdb.com//title/tt0068646/?pf_rd_m=A2FGELUUNOQJNL&pf_rd_p=2398042102&pf_rd_r=0F1P6X3M7GTYYPARYPPC&pf_rd_s=center-1&pf_rd_t=15506&pf_rd_i=top&ref_=chttp_tt_2,1972,9.2
The Godfather: Part II,https://www.imdb.com//title/tt0071562/?pf_rd_m=A2FGELUUNOQJNL&pf_rd_p=2398042102&pf_rd_r=0F1P6X3M7GTYYPARYPPC&pf_rd_s=center-1&pf_rd_t=15506&pf_rd_i=top&ref_=chttp_tt_3,1974,9.0
The Dark Knight,https://www.imdb.com//title/tt0468569/?pf_rd_m=A2FGELUUNOQJNL&pf_rd_p=2398042102&pf_rd_r=0F1P6X3M7GTYYPARYPPC&pf_rd_s=center-1&pf_rd_t=15506&pf_rd_i=top&ref_=chttp_tt_4,2008,9.0
12 Angry Men,https://www.imdb.com//title/tt0050083/?pf_rd_m=A2FGELUUNOQJNL&pf_rd_p=2398042102&pf_rd_r=0F1P6X3M7GTYYPARYPPC&pf_rd_s=center-1&pf_rd_t=15506&pf_rd_i=top&ref_=chttp_tt_5,1957,8.9
Schindler's List,https://www.imdb.com//title/tt0108052/?pf_rd_m=A2FGELUUNOQJNL&pf_rd_p=2398042102&pf_rd_r=0F1P6X3M7GTYYPARYPPC&pf_rd_s=center-1&pf_rd_t=15506&pf_rd_i=top&ref_=chttp_tt_6,1993,8.9
Pulp Fiction,https://www.imdb.com//title/tt0110912/?pf_rd_m=A2FGELUUNOQJNL&pf_rd_p=2398042102&pf_rd_r=0F1P6X3M7GTYYPARYPPC&pf_rd_s=center-1&pf_rd_t=15506&pf_rd_i=top&ref_=chttp_tt_7,1994,8.9
The Lord of the Rings: The Return of the King,https://www.imdb.com//title/tt0167260/?pf_rd_m=A2FGELUUNOQJNL&pf_rd_p=2398042102&pf_rd_r=0F1P6X3M7GTYYPARYPPC&pf_rd_s=center-1&pf_rd_t=15506&pf_rd_i=top&ref_=chttp_tt_8,2003,8.9
"Il buono, il brutto, il cattivo",https://www.imdb.com//title/tt0060196/?pf_rd_m=A2FGELUUNOQJNL&pf_rd_p=2398042102&pf_rd_r=0F1P6X3M7GTYYPARYPPC&pf_rd_s=center-1&pf_rd_t=15506&pf_rd_i=top&ref_=chttp_tt_9,1966,8.8
Fight Club,https://www.imdb.com//title/tt0137523/?pf_rd_m=A2FGELUUNOQJNL&pf_rd_p=2398042102&pf_rd_r=0F1P6X3M7GTYYPARYPPC&pf_rd_s=center-1&pf_rd_t=15506&pf_rd_i=top&ref_=chttp_tt_10,1999,8.8
The Lord of the Rings: The Fellowship of the Ring,https://www.imdb.com//title/tt0120737/?pf_rd_m=A2FGELUUNOQJNL&pf_rd_p=2398042102&pf_rd_r=0F1P6X3M7GTYYPARYPPC&pf_rd_s=center-1&pf_rd_t=15506&pf_rd_i=top&ref_=chttp_tt_11,2001,8.8
Forrest Gump,https://www.imdb.com//title/tt0109830/?pf_rd_m=A2FGELUUNOQJNL&pf_rd_p=2398042102&pf_rd_r=0F1P6X3M7GTYYPARYPPC&pf_rd_s=center-1&pf_rd_t=15506&pf_rd_i=top&ref_=chttp_tt_12,1994,8.7
Star Wars: Episode V - The Empire Strikes Back,https://www.imdb.com//title/tt0080684/?pf_rd_m=A2FGELUUNOQJNL&pf_rd_p=2398042102&pf_rd_r=0F1P6X3M7GTYYPARYPPC&pf_rd_s=center-1&pf_rd_t=15506&pf_rd_i=top&ref_=chttp_tt_13,1980,8.7
Inception,https://www.imdb.com//title/tt1375666/?pf_rd_m=A2FGELUUNOQJNL&pf_rd_p=2398042102&pf_rd_r=0F1P6X3M7GTYYPARYPPC&pf_rd_s=center-1&pf_rd_t=15506&pf_rd_i=top&ref_=chttp_tt_14,2010,8.7
The Lord of the Rings: The Two Towers,https://www.imdb.com//title/tt0167261/?pf_rd_m=A2FGELUUNOQJNL&pf_rd_p=2398042102&pf_rd_r=0F1P6X3M7GTYYPARYPPC&pf_rd_s=center-1&pf_rd_t=15506&pf_rd_i=top&ref_=chttp_tt_15,2002,8.7
One Flew Over the Cuckoo's Nest,https://www.imdb.com//title/tt0073486/?pf_rd_m=A2FGELUUNOQJNL&pf_rd_p=2398042102&pf_rd_r=0F1P6X3M7GTYYPARYPPC&pf_rd_s=center-1&pf_rd_t=15506&pf_rd_i=top&ref_=chttp_tt_16,1975,8.7
Goodfellas,https://www.imdb.com//title/tt0099685/?pf_rd_m=A2FGELUUNOQJNL&pf_rd_p=2398042102&pf_rd_r=0F1P6X3M7GTYYPARYPPC&pf_rd_s=center-1&pf_rd_t=15506&pf_rd_i=top&ref_=chttp_tt_17,1990,8.7
The Matrix,https://www.imdb.com//title/tt0133093/?pf_rd_m=A2FGELUUNOQJNL&pf_rd_p=2398042102&pf_rd_r=0F1P6X3M7GTYYPARYPPC&pf_rd_s=center-1&pf_rd_t=15506&pf_rd_i=top&ref_=chttp_tt_18,1999,8.7
Shichinin no samurai,https://www.imdb.com//title/tt0047478/?pf_rd_m=A2FGELUUNOQJNL&pf_rd_p=2398042102&pf_rd_r=0F1P6X3M7GTYYPARYPPC&pf_rd_s=center-1&pf_rd_t=15506&pf_rd_i=top&ref_=chttp_tt_19,1954,8.6
Star Wars,https://www.imdb.com//title/tt0076759/?pf_rd_m=A2FGELUUNOQJNL&pf_rd_p=2398042102&pf_rd_r=0F1P6X3M7GTYYPARYPPC&pf_rd_s=center-1&pf_rd_t=15506&pf_rd_i=top&ref_=chttp_tt_20,1977,8.6
Cidade de Deus,https://www.imdb.com//title/tt0317248/?pf_rd_m=A2FGELUUNOQJNL&pf_rd_p=2398042102&pf_rd_r=0F1P6X3M7GTYYPARYPPC&pf_rd_s=center-1&pf_rd_t=15506&pf_rd_i=top&ref_=chttp_tt_21,2002,8.6
Se7en,https://www.imdb.com//title/tt0114369/?pf_rd_m=A2FGELUUNOQJNL&pf_rd_p=2398042102&pf_rd_r=0F1P6X3M7GTYYPARYPPC&pf_rd_s=center-1&pf_rd_t=15506&pf_rd_i=top&ref_=chttp_tt_22,1995,8.6
The Silence of the Lambs,https://www.imdb.com//title/tt0102926/?pf_rd_m=A2FGELUUNOQJNL&pf_rd_p=2398042102&pf_rd_r=0F1P6X3M7GTYYPARYPPC&pf_rd_s=center-1&pf_rd_t=15506&pf_rd_i=top&ref_=chttp_tt_23,1991,8.6
It's a Wonderful Life,https://www.imdb.com//title/tt0038650/?pf_rd_m=A2FGELUUNOQJNL&pf_rd_p=2398042102&pf_rd_r=0F1P6X3M7GTYYPARYPPC&pf_rd_s=center-1&pf_rd_t=15506&pf_rd_i=top&ref_=chttp_tt_24,1946,8.6
La vita è bella,https://www.imdb.com//title/tt0118799/?pf_rd_m=A2FGELUUNOQJNL&pf_rd_p=2398042102&pf_rd_r=0F1P6X3M7GTYYPARYPPC&pf_rd_s=center-1&pf_rd_t=15506&pf_rd_i=top&ref_=chttp_tt_25,1997,8.6
The Usual Suspects,https://www.imdb.com//title/tt0114814/?pf_rd_m=A2FGELUUNOQJNL&pf_rd_p=2398042102&pf_rd_r=0F1P6X3M7GTYYPARYPPC&pf_rd_s=center-1&pf_rd_t=15506&pf_rd_i=top&ref_=chttp_tt_26,1995,8.6
Léon,https://www.imdb.com//title/tt0110413/?pf_rd_m=A2FGELUUNOQJNL&pf_rd_p=2398042102&pf_rd_r=0F1P6X3M7GTYYPARYPPC&pf_rd_s=center-1&pf_rd_t=15506&pf_rd_i=top&ref_=chttp_tt_27,1994,8.5
Saving Private Ryan,https://www.imdb.com//title/tt0120815/?pf_rd_m=A2FGELUUNOQJNL&pf_rd_p=2398042102&pf_rd_r=0F1P6X3M7GTYYPARYPPC&pf_rd_s=center-1&pf_rd_t=15506&pf_rd_i=top&ref_=chttp_tt_28,1998,8.5
Sen to Chihiro no kamikakushi,https://www.imdb.com//title/tt0245429/?pf_rd_m=A2FGELUUNOQJNL&pf_rd_p=2398042102&pf_rd_r=0F1P6X3M7GTYYPARYPPC&pf_rd_s=center-1&pf_rd_t=15506&pf_rd_i=top&ref_=chttp_tt_29,2001,8.5
American History X,https://www.imdb.com//title/tt0120586/?pf_rd_m=A2FGELUUNOQJNL&pf_rd_p=2398042102&pf_rd_r=0F1P6X3M7GTYYPARYPPC&pf_rd_s=center-1&pf_rd_t=15506&pf_rd_i=top&ref_=chttp_tt_30,1998,8.5
Once Upon a Time in the West,https://www.imdb.com//title/tt0064116/?pf_rd_m=A2FGELUUNOQJNL&pf_rd_p=2398042102&pf_rd_r=0F1P6X3M7GTYYPARYPPC&pf_rd_s=center-1&pf_rd_t=15506&pf_rd_i=top&ref_=chttp_tt_31,1968,8.5
Interstellar,https://www.imdb.com//title/tt0816692/?pf_rd_m=A2FGELUUNOQJNL&pf_rd_p=2398042102&pf_rd_r=0F1P6X3M7GTYYPARYPPC&pf_rd_s=center-1&pf_rd_t=15506&pf_rd_i=top&ref_=chttp_tt_32,2014,8.5
The Green Mile,https://www.imdb.com//title/tt0120689/?pf_rd_m=A2FGELUUNOQJNL&pf_rd_p=2398042102&pf_rd_r=0F1P6X3M7GTYYPARYPPC&pf_rd_s=center-1&pf_rd_t=15506&pf_rd_i=top&ref_=chttp_tt_33,1999,8.5
Psycho,https://www.imdb.com//title/tt0054215/?pf_rd_m=A2FGELUUNOQJNL&pf_rd_p=2398042102&pf_rd_r=0F1P6X3M7GTYYPARYPPC&pf_rd_s=center-1&pf_rd_t=15506&pf_rd_i=top&ref_=chttp_tt_34,1960,8.5
Casablanca,https://www.imdb.com//title/tt0034583/?pf_rd_m=A2FGELUUNOQJNL&pf_rd_p=2398042102&pf_rd_r=0F1P6X3M7GTYYPARYPPC&pf_rd_s=center-1&pf_rd_t=15506&pf_rd_i=top&ref_=chttp_tt_35,1942,8.5
City Lights,https://www.imdb.com//title/tt0021749/?pf_rd_m=A2FGELUUNOQJNL&pf_rd_p=2398042102&pf_rd_r=0F1P6X3M7GTYYPARYPPC&pf_rd_s=center-1&pf_rd_t=15506&pf_rd_i=top&ref_=chttp_tt_36,1931,8.5
The Intouchables,https://www.imdb.com//title/tt1675434/?pf_rd_m=A2FGELUUNOQJNL&pf_rd_p=2398042102&pf_rd_r=0F1P6X3M7GTYYPARYPPC&pf_rd_s=center-1&pf_rd_t=15506&pf_rd_i=top&ref_=chttp_tt_37,2011,8.5
Modern Times,https://www.imdb.com//title/tt0027977/?pf_rd_m=A2FGELUUNOQJNL&pf_rd_p=2398042102&pf_rd_r=0F1P6X3M7GTYYPARYPPC&pf_rd_s=center-1&pf_rd_t=15506&pf_rd_i=top&ref_=chttp_tt_38,1936,8.5
Raiders of the Lost Ark,https://www.imdb.com//title/tt0082971/?pf_rd_m=A2FGELUUNOQJNL&pf_rd_p=2398042102&pf_rd_r=0F1P6X3M7GTYYPARYPPC&pf_rd_s=center-1&pf_rd_t=15506&pf_rd_i=top&ref_=chttp_tt_39,1981,8.5
The Pianist,https://www.imdb.com//title/tt0253474/?pf_rd_m=A2FGELUUNOQJNL&pf_rd_p=2398042102&pf_rd_r=0F1P6X3M7GTYYPARYPPC&pf_rd_s=center-1&pf_rd_t=15506&pf_rd_i=top&ref_=chttp_tt_40,2002,8.5
The Departed,https://www.imdb.com//title/tt0407887/?pf_rd_m=A2FGELUUNOQJNL&pf_rd_p=2398042102&pf_rd_r=0F1P6X3M7GTYYPARYPPC&pf_rd_s=center-1&pf_rd_t=15506&pf_rd_i=top&ref_=chttp_tt_41,2006,8.5
Rear Window,https://www.imdb.com//title/tt0047396/?pf_rd_m=A2FGELUUNOQJNL&pf_rd_p=2398042102&pf_rd_r=0F1P6X3M7GTYYPARYPPC&pf_rd_s=center-1&pf_rd_t=15506&pf_rd_i=top&ref_=chttp_tt_42,1954,8.5
Terminator 2: Judgment Day,https://www.imdb.com//title/tt0103064/?pf_rd_m=A2FGELUUNOQJNL&pf_rd_p=2398042102&pf_rd_r=0F1P6X3M7GTYYPARYPPC&pf_rd_s=center-1&pf_rd_t=15506&pf_rd_i=top&ref_=chttp_tt_43,1991,8.5
Back to the Future,https://www.imdb.com//title/tt0088763/?pf_rd_m=A2FGELUUNOQJNL&pf_rd_p=2398042102&pf_rd_r=0F1P6X3M7GTYYPARYPPC&pf_rd_s=center-1&pf_rd_t=15506&pf_rd_i=top&ref_=chttp_tt_44,1985,8.5
Whiplash,https://www.imdb.com//title/tt2582802/?pf_rd_m=A2FGELUUNOQJNL&pf_rd_p=2398042102&pf_rd_r=0F1P6X3M7GTYYPARYPPC&pf_rd_s=center-1&pf_rd_t=15506&pf_rd_i=top&ref_=chttp_tt_45,2014,8.5
Gladiator,https://www.imdb.com//title/tt0172495/?pf_rd_m=A2FGELUUNOQJNL&pf_rd_p=2398042102&pf_rd_r=0F1P6X3M7GTYYPARYPPC&pf_rd_s=center-1&pf_rd_t=15506&pf_rd_i=top&ref_=chttp_tt_46,2000,8.5
The Prestige,https://www.imdb.com//title/tt0482571/?pf_rd_m=A2FGELUUNOQJNL&pf_rd_p=2398042102&pf_rd_r=0F1P6X3M7GTYYPARYPPC&pf_rd_s=center-1&pf_rd_t=15506&pf_rd_i=top&ref_=chttp_tt_47,2006,8.5
The Lion King,https://www.imdb.com//title/tt0110357/?pf_rd_m=A2FGELUUNOQJNL&pf_rd_p=2398042102&pf_rd_r=0F1P6X3M7GTYYPARYPPC&pf_rd_s=center-1&pf_rd_t=15506&pf_rd_i=top&ref_=chttp_tt_48,1994,8.5
Memento,https://www.imdb.com//title/tt0209144/?pf_rd_m=A2FGELUUNOQJNL&pf_rd_p=2398042102&pf_rd_r=0F1P6X3M7GTYYPARYPPC&pf_rd_s=center-1&pf_rd_t=15506&pf_rd_i=top&ref_=chttp_tt_49,2000,8.5
Apocalypse Now,https://www.imdb.com//title/tt0078788/?pf_rd_m=A2FGELUUNOQJNL&pf_rd_p=2398042102&pf_rd_r=0F1P6X3M7GTYYPARYPPC&pf_rd_s=center-1&pf_rd_t=15506&pf_rd_i=top&ref_=chttp_tt_50,1979,8.5
Alien,https://www.imdb.com//title/tt0078748/?pf_rd_m=A2FGELUUNOQJNL&pf_rd_p=2398042102&pf_rd_r=0F1P6X3M7GTYYPARYPPC&pf_rd_s=center-1&pf_rd_t=15506&pf_rd_i=top&ref_=chttp_tt_51,1979,8.4
The Great Dictator,https://www.imdb.com//title/tt0032553/?pf_rd_m=A2FGELUUNOQJNL&pf_rd_p=2398042102&pf_rd_r=0F1P6X3M7GTYYPARYPPC&pf_rd_s=center-1&pf_rd_t=15506&pf_rd_i=top&ref_=chttp_tt_52,1940,8.4
Sunset Blvd.,https://www.imdb.com//title/tt0043014/?pf_rd_m=A2FGELUUNOQJNL&pf_rd_p=2398042102&pf_rd_r=0F1P6X3M7GTYYPARYPPC&pf_rd_s=center-1&pf_rd_t=15506&pf_rd_i=top&ref_=chttp_tt_53,1950,8.4
Dr. Strangelove or: How I Learned to Stop Worrying and Love the Bomb,https://www.imdb.com//title/tt0057012/?pf_rd_m=A2FGELUUNOQJNL&pf_rd_p=2398042102&pf_rd_r=0F1P6X3M7GTYYPARYPPC&pf_rd_s=center-1&pf_rd_t=15506&pf_rd_i=top&ref_=chttp_tt_54,1964,8.4
Nuovo Cinema Paradiso,https://www.imdb.com//title/tt0095765/?pf_rd_m=A2FGELUUNOQJNL&pf_rd_p=2398042102&pf_rd_r=0F1P6X3M7GTYYPARYPPC&pf_rd_s=center-1&pf_rd_t=15506&pf_rd_i=top&ref_=chttp_tt_55,1988,8.4
The Lives of Others,https://www.imdb.com//title/tt0405094/?pf_rd_m=A2FGELUUNOQJNL&pf_rd_p=2398042102&pf_rd_r=0F1P6X3M7GTYYPARYPPC&pf_rd_s=center-1&pf_rd_t=15506&pf_rd_i=top&ref_=chttp_tt_56,2006,8.4
Hotaru no haka,https://www.imdb.com//title/tt0095327/?pf_rd_m=A2FGELUUNOQJNL&pf_rd_p=2398042102&pf_rd_r=0F1P6X3M7GTYYPARYPPC&pf_rd_s=center-1&pf_rd_t=15506&pf_rd_i=top&ref_=chttp_tt_57,1988,8.4
Paths of Glory,https://www.imdb.com//title/tt0050825/?pf_rd_m=A2FGELUUNOQJNL&pf_rd_p=2398042102&pf_rd_r=0F1P6X3M7GTYYPARYPPC&pf_rd_s=center-1&pf_rd_t=15506&pf_rd_i=top&ref_=chttp_tt_58,1957,8.4
Django Unchained,https://www.imdb.com//title/tt1853728/?pf_rd_m=A2FGELUUNOQJNL&pf_rd_p=2398042102&pf_rd_r=0F1P6X3M7GTYYPARYPPC&pf_rd_s=center-1&pf_rd_t=15506&pf_rd_i=top&ref_=chttp_tt_59,2012,8.4
The Shining,https://www.imdb.com//title/tt0081505/?pf_rd_m=A2FGELUUNOQJNL&pf_rd_p=2398042102&pf_rd_r=0F1P6X3M7GTYYPARYPPC&pf_rd_s=center-1&pf_rd_t=15506&pf_rd_i=top&ref_=chttp_tt_60,1980,8.4
Blade Runner 2049,https://www.imdb.com//title/tt1856101/?pf_rd_m=A2FGELUUNOQJNL&pf_rd_p=2398042102&pf_rd_r=0F1P6X3M7GTYYPARYPPC&pf_rd_s=center-1&pf_rd_t=15506&pf_rd_i=top&ref_=chttp_tt_61,2017,8.4
WALL·E,https://www.imdb.com//title/tt0910970/?pf_rd_m=A2FGELUUNOQJNL&pf_rd_p=2398042102&pf_rd_r=0F1P6X3M7GTYYPARYPPC&pf_rd_s=center-1&pf_rd_t=15506&pf_rd_i=top&ref_=chttp_tt_62,2008,8.4
American Beauty,https://www.imdb.com//title/tt0169547/?pf_rd_m=A2FGELUUNOQJNL&pf_rd_p=2398042102&pf_rd_r=0F1P6X3M7GTYYPARYPPC&pf_rd_s=center-1&pf_rd_t=15506&pf_rd_i=top&ref_=chttp_tt_63,1999,8.4
The Dark Knight Rises,https://www.imdb.com//title/tt1345836/?pf_rd_m=A2FGELUUNOQJNL&pf_rd_p=2398042102&pf_rd_r=0F1P6X3M7GTYYPARYPPC&pf_rd_s=center-1&pf_rd_t=15506&pf_rd_i=top&ref_=chttp_tt_64,2012,8.4
Mononoke-hime,https://www.imdb.com//title/tt0119698/?pf_rd_m=A2FGELUUNOQJNL&pf_rd_p=2398042102&pf_rd_r=0F1P6X3M7GTYYPARYPPC&pf_rd_s=center-1&pf_rd_t=15506&pf_rd_i=top&ref_=chttp_tt_65,1997,8.4
Oldeuboi,https://www.imdb.com//title/tt0364569/?pf_rd_m=A2FGELUUNOQJNL&pf_rd_p=2398042102&pf_rd_r=0F1P6X3M7GTYYPARYPPC&pf_rd_s=center-1&pf_rd_t=15506&pf_rd_i=top&ref_=chttp_tt_66,2003,8.4
Aliens,https://www.imdb.com//title/tt0090605/?pf_rd_m=A2FGELUUNOQJNL&pf_rd_p=2398042102&pf_rd_r=0F1P6X3M7GTYYPARYPPC&pf_rd_s=center-1&pf_rd_t=15506&pf_rd_i=top&ref_=chttp_tt_67,1986,8.4
Witness for the Prosecution,https://www.imdb.com//title/tt0051201/?pf_rd_m=A2FGELUUNOQJNL&pf_rd_p=2398042102&pf_rd_r=0F1P6X3M7GTYYPARYPPC&pf_rd_s=center-1&pf_rd_t=15506&pf_rd_i=top&ref_=chttp_tt_68,1957,8.4
Once Upon a Time in America,https://www.imdb.com//title/tt0087843/?pf_rd_m=A2FGELUUNOQJNL&pf_rd_p=2398042102&pf_rd_r=0F1P6X3M7GTYYPARYPPC&pf_rd_s=center-1&pf_rd_t=15506&pf_rd_i=top&ref_=chttp_tt_69,1984,8.4
Das Boot,https://www.imdb.com//title/tt0082096/?pf_rd_m=A2FGELUUNOQJNL&pf_rd_p=2398042102&pf_rd_r=0F1P6X3M7GTYYPARYPPC&pf_rd_s=center-1&pf_rd_t=15506&pf_rd_i=top&ref_=chttp_tt_70,1981,8.3
Dangal,https://www.imdb.com//title/tt5074352/?pf_rd_m=A2FGELUUNOQJNL&pf_rd_p=2398042102&pf_rd_r=0F1P6X3M7GTYYPARYPPC&pf_rd_s=center-1&pf_rd_t=15506&pf_rd_i=top&ref_=chttp_tt_71,2016,8.3
Citizen Kane,https://www.imdb.com//title/tt0033467/?pf_rd_m=A2FGELUUNOQJNL&pf_rd_p=2398042102&pf_rd_r=0F1P6X3M7GTYYPARYPPC&pf_rd_s=center-1&pf_rd_t=15506&pf_rd_i=top&ref_=chttp_tt_72,1941,8.3
Vertigo,https://www.imdb.com//title/tt0052357/?pf_rd_m=A2FGELUUNOQJNL&pf_rd_p=2398042102&pf_rd_r=0F1P6X3M7GTYYPARYPPC&pf_rd_s=center-1&pf_rd_t=15506&pf_rd_i=top&ref_=chttp_tt_73,1958,8.3
North by Northwest,https://www.imdb.com//title/tt0053125/?pf_rd_m=A2FGELUUNOQJNL&pf_rd_p=2398042102&pf_rd_r=0F1P6X3M7GTYYPARYPPC&pf_rd_s=center-1&pf_rd_t=15506&pf_rd_i=top&ref_=chttp_tt_74,1959,8.3
Star Wars: Episode VI - Return of the Jedi,https://www.imdb.com//title/tt0086190/?pf_rd_m=A2FGELUUNOQJNL&pf_rd_p=2398042102&pf_rd_r=0F1P6X3M7GTYYPARYPPC&pf_rd_s=center-1&pf_rd_t=15506&pf_rd_i=top&ref_=chttp_tt_75,1983,8.3
Braveheart,https://www.imdb.com//title/tt0112573/?pf_rd_m=A2FGELUUNOQJNL&pf_rd_p=2398042102&pf_rd_r=0F1P6X3M7GTYYPARYPPC&pf_rd_s=center-1&pf_rd_t=15506&pf_rd_i=top&ref_=chttp_tt_76,1995,8.3
Reservoir Dogs,https://www.imdb.com//title/tt0105236/?pf_rd_m=A2FGELUUNOQJNL&pf_rd_p=2398042102&pf_rd_r=0F1P6X3M7GTYYPARYPPC&pf_rd_s=center-1&pf_rd_t=15506&pf_rd_i=top&ref_=chttp_tt_77,1992,8.3
M,https://www.imdb.com//title/tt0022100/?pf_rd_m=A2FGELUUNOQJNL&pf_rd_p=2398042102&pf_rd_r=0F1P6X3M7GTYYPARYPPC&pf_rd_s=center-1&pf_rd_t=15506&pf_rd_i=top&ref_=chttp_tt_78,1931,8.3
Requiem for a Dream,https://www.imdb.com//title/tt0180093/?pf_rd_m=A2FGELUUNOQJNL&pf_rd_p=2398042102&pf_rd_r=0F1P6X3M7GTYYPARYPPC&pf_rd_s=center-1&pf_rd_t=15506&pf_rd_i=top&ref_=chttp_tt_79,2000,8.3
Amélie,https://www.imdb.com//title/tt0211915/?pf_rd_m=A2FGELUUNOQJNL&pf_rd_p=2398042102&pf_rd_r=0F1P6X3M7GTYYPARYPPC&pf_rd_s=center-1&pf_rd_t=15506&pf_rd_i=top&ref_=chttp_tt_80,2001,8.3
Taare Zameen Par,https://www.imdb.com//title/tt0986264/?pf_rd_m=A2FGELUUNOQJNL&pf_rd_p=2398042102&pf_rd_r=0F1P6X3M7GTYYPARYPPC&pf_rd_s=center-1&pf_rd_t=15506&pf_rd_i=top&ref_=chttp_tt_81,2007,8.3
A Clockwork Orange,https://www.imdb.com//title/tt0066921/?pf_rd_m=A2FGELUUNOQJNL&pf_rd_p=2398042102&pf_rd_r=0F1P6X3M7GTYYPARYPPC&pf_rd_s=center-1&pf_rd_t=15506&pf_rd_i=top&ref_=chttp_tt_82,1971,8.3
Kimi no na wa.,https://www.imdb.com//title/tt5311514/?pf_rd_m=A2FGELUUNOQJNL&pf_rd_p=2398042102&pf_rd_r=0F1P6X3M7GTYYPARYPPC&pf_rd_s=center-1&pf_rd_t=15506&pf_rd_i=top&ref_=chttp_tt_83,2016,8.3
Lawrence of Arabia,https://www.imdb.com//title/tt0056172/?pf_rd_m=A2FGELUUNOQJNL&pf_rd_p=2398042102&pf_rd_r=0F1P6X3M7GTYYPARYPPC&pf_rd_s=center-1&pf_rd_t=15506&pf_rd_i=top&ref_=chttp_tt_84,1962,8.3
Double Indemnity,https://www.imdb.com//title/tt0036775/?pf_rd_m=A2FGELUUNOQJNL&pf_rd_p=2398042102&pf_rd_r=0F1P6X3M7GTYYPARYPPC&pf_rd_s=center-1&pf_rd_t=15506&pf_rd_i=top&ref_=chttp_tt_85,1944,8.3
Amadeus,https://www.imdb.com//title/tt0086879/?pf_rd_m=A2FGELUUNOQJNL&pf_rd_p=2398042102&pf_rd_r=0F1P6X3M7GTYYPARYPPC&pf_rd_s=center-1&pf_rd_t=15506&pf_rd_i=top&ref_=chttp_tt_86,1984,8.3
Eternal Sunshine of the Spotless Mind,https://www.imdb.com//title/tt0338013/?pf_rd_m=A2FGELUUNOQJNL&pf_rd_p=2398042102&pf_rd_r=0F1P6X3M7GTYYPARYPPC&pf_rd_s=center-1&pf_rd_t=15506&pf_rd_i=top&ref_=chttp_tt_87,2004,8.3
Taxi Driver,https://www.imdb.com//title/tt0075314/?pf_rd_m=A2FGELUUNOQJNL&pf_rd_p=2398042102&pf_rd_r=0F1P6X3M7GTYYPARYPPC&pf_rd_s=center-1&pf_rd_t=15506&pf_rd_i=top&ref_=chttp_tt_88,1976,8.3
To Kill a Mockingbird,https://www.imdb.com//title/tt0056592/?pf_rd_m=A2FGELUUNOQJNL&pf_rd_p=2398042102&pf_rd_r=0F1P6X3M7GTYYPARYPPC&pf_rd_s=center-1&pf_rd_t=15506&pf_rd_i=top&ref_=chttp_tt_89,1962,8.3
Full Metal Jacket,https://www.imdb.com//title/tt0093058/?pf_rd_m=A2FGELUUNOQJNL&pf_rd_p=2398042102&pf_rd_r=0F1P6X3M7GTYYPARYPPC&pf_rd_s=center-1&pf_rd_t=15506&pf_rd_i=top&ref_=chttp_tt_90,1987,8.3
2001: A Space Odyssey,https://www.imdb.com//title/tt0062622/?pf_rd_m=A2FGELUUNOQJNL&pf_rd_p=2398042102&pf_rd_r=0F1P6X3M7GTYYPARYPPC&pf_rd_s=center-1&pf_rd_t=15506&pf_rd_i=top&ref_=chttp_tt_91,1968,8.3
Singin' in the Rain,https://www.imdb.com//title/tt0045152/?pf_rd_m=A2FGELUUNOQJNL&pf_rd_p=2398042102&pf_rd_r=0F1P6X3M7GTYYPARYPPC&pf_rd_s=center-1&pf_rd_t=15506&pf_rd_i=top&ref_=chttp_tt_92,1952,8.3
Dunkirk,https://www.imdb.com//title/tt5013056/?pf_rd_m=A2FGELUUNOQJNL&pf_rd_p=2398042102&pf_rd_r=0F1P6X3M7GTYYPARYPPC&pf_rd_s=center-1&pf_rd_t=15506&pf_rd_i=top&ref_=chttp_tt_93,2017,8.3
Toy Story,https://www.imdb.com//title/tt0114709/?pf_rd_m=A2FGELUUNOQJNL&pf_rd_p=2398042102&pf_rd_r=0F1P6X3M7GTYYPARYPPC&pf_rd_s=center-1&pf_rd_t=15506&pf_rd_i=top&ref_=chttp_tt_94,1995,8.3
Toy Story 3,https://www.imdb.com//title/tt0435761/?pf_rd_m=A2FGELUUNOQJNL&pf_rd_p=2398042102&pf_rd_r=0F1P6X3M7GTYYPARYPPC&pf_rd_s=center-1&pf_rd_t=15506&pf_rd_i=top&ref_=chttp_tt_95,2010,8.3
The Sting,https://www.imdb.com//title/tt0070735/?pf_rd_m=A2FGELUUNOQJNL&pf_rd_p=2398042102&pf_rd_r=0F1P6X3M7GTYYPARYPPC&pf_rd_s=center-1&pf_rd_t=15506&pf_rd_i=top&ref_=chttp_tt_96,1973,8.3
3 Idiots,https://www.imdb.com//title/tt1187043/?pf_rd_m=A2FGELUUNOQJNL&pf_rd_p=2398042102&pf_rd_r=0F1P6X3M7GTYYPARYPPC&pf_rd_s=center-1&pf_rd_t=15506&pf_rd_i=top&ref_=chttp_tt_97,2009,8.3
Inglourious Basterds,https://www.imdb.com//title/tt0361748/?pf_rd_m=A2FGELUUNOQJNL&pf_rd_p=2398042102&pf_rd_r=0F1P6X3M7GTYYPARYPPC&pf_rd_s=center-1&pf_rd_t=15506&pf_rd_i=top&ref_=chttp_tt_98,2009,8.3
Ladri di biciclette,https://www.imdb.com//title/tt0040522/?pf_rd_m=A2FGELUUNOQJNL&pf_rd_p=2398042102&pf_rd_r=0F1P6X3M7GTYYPARYPPC&pf_rd_s=center-1&pf_rd_t=15506&pf_rd_i=top&ref_=chttp_tt_99,1948,8.3
The Kid,https://www.imdb.com//title/tt0012349/?pf_rd_m=A2FGELUUNOQJNL&pf_rd_p=2398042102&pf_rd_r=0F1P6X3M7GTYYPARYPPC&pf_rd_s=center-1&pf_rd_t=15506&pf_rd_i=top&ref_=chttp_tt_100,1921,8.3
Snatch,https://www.imdb.com//title/tt0208092/?pf_rd_m=A2FGELUUNOQJNL&pf_rd_p=2398042102&pf_rd_r=0F1P6X3M7GTYYPARYPPC&pf_rd_s=center-1&pf_rd_t=15506&pf_rd_i=top&ref_=chttp_tt_101,2000,8.3
Monty Python and the Holy Grail,https://www.imdb.com//title/tt0071853/?pf_rd_m=A2FGELUUNOQJNL&pf_rd_p=2398042102&pf_rd_r=0F1P6X3M7GTYYPARYPPC&pf_rd_s=center-1&pf_rd_t=15506&pf_rd_i=top&ref_=chttp_tt_102,1975,8.3
Good Will Hunting,https://www.imdb.com//title/tt0119217/?pf_rd_m=A2FGELUUNOQJNL&pf_rd_p=2398042102&pf_rd_r=0F1P6X3M7GTYYPARYPPC&pf_rd_s=center-1&pf_rd_t=15506&pf_rd_i=top&ref_=chttp_tt_103,1997,8.3
Jagten,https://www.imdb.com//title/tt2106476/?pf_rd_m=A2FGELUUNOQJNL&pf_rd_p=2398042102&pf_rd_r=0F1P6X3M7GTYYPARYPPC&pf_rd_s=center-1&pf_rd_t=15506&pf_rd_i=top&ref_=chttp_tt_104,2012,8.3
Per qualche dollaro in più,https://www.imdb.com//title/tt0059578/?pf_rd_m=A2FGELUUNOQJNL&pf_rd_p=2398042102&pf_rd_r=0F1P6X3M7GTYYPARYPPC&pf_rd_s=center-1&pf_rd_t=15506&pf_rd_i=top&ref_=chttp_tt_105,1965,8.3
L.A. Confidential,https://www.imdb.com//title/tt0119488/?pf_rd_m=A2FGELUUNOQJNL&pf_rd_p=2398042102&pf_rd_r=0F1P6X3M7GTYYPARYPPC&pf_rd_s=center-1&pf_rd_t=15506&pf_rd_i=top&ref_=chttp_tt_106,1997,8.3
Scarface,https://www.imdb.com//title/tt0086250/?pf_rd_m=A2FGELUUNOQJNL&pf_rd_p=2398042102&pf_rd_r=0F1P6X3M7GTYYPARYPPC&pf_rd_s=center-1&pf_rd_t=15506&pf_rd_i=top&ref_=chttp_tt_107,1983,8.3
The Apartment,https://www.imdb.com//title/tt0053604/?pf_rd_m=A2FGELUUNOQJNL&pf_rd_p=2398042102&pf_rd_r=0F1P6X3M7GTYYPARYPPC&pf_rd_s=center-1&pf_rd_t=15506&pf_rd_i=top&ref_=chttp_tt_108,1960,8.2
Metropolis,https://www.imdb.com//title/tt0017136/?pf_rd_m=A2FGELUUNOQJNL&pf_rd_p=2398042102&pf_rd_r=0F1P6X3M7GTYYPARYPPC&pf_rd_s=center-1&pf_rd_t=15506&pf_rd_i=top&ref_=chttp_tt_109,1927,8.2
Jodaeiye Nader az Simin,https://www.imdb.com//title/tt1832382/?pf_rd_m=A2FGELUUNOQJNL&pf_rd_p=2398042102&pf_rd_r=0F1P6X3M7GTYYPARYPPC&pf_rd_s=center-1&pf_rd_t=15506&pf_rd_i=top&ref_=chttp_tt_110,2011,8.2
Rashômon,https://www.imdb.com//title/tt0042876/?pf_rd_m=A2FGELUUNOQJNL&pf_rd_p=2398042102&pf_rd_r=0F1P6X3M7GTYYPARYPPC&pf_rd_s=center-1&pf_rd_t=15506&pf_rd_i=top&ref_=chttp_tt_111,1950,8.2
Indiana Jones and the Last Crusade,https://www.imdb.com//title/tt0097576/?pf_rd_m=A2FGELUUNOQJNL&pf_rd_p=2398042102&pf_rd_r=0F1P6X3M7GTYYPARYPPC&pf_rd_s=center-1&pf_rd_t=15506&pf_rd_i=top&ref_=chttp_tt_112,1989,8.2
All About Eve,https://www.imdb.com//title/tt0042192/?pf_rd_m=A2FGELUUNOQJNL&pf_rd_p=2398042102&pf_rd_r=0F1P6X3M7GTYYPARYPPC&pf_rd_s=center-1&pf_rd_t=15506&pf_rd_i=top&ref_=chttp_tt_113,1950,8.2
Yôjinbô,https://www.imdb.com//title/tt0055630/?pf_rd_m=A2FGELUUNOQJNL&pf_rd_p=2398042102&pf_rd_r=0F1P6X3M7GTYYPARYPPC&pf_rd_s=center-1&pf_rd_t=15506&pf_rd_i=top&ref_=chttp_tt_114,1961,8.2
Babam ve Oglum,https://www.imdb.com//title/tt0476735/?pf_rd_m=A2FGELUUNOQJNL&pf_rd_p=2398042102&pf_rd_r=0F1P6X3M7GTYYPARYPPC&pf_rd_s=center-1&pf_rd_t=15506&pf_rd_i=top&ref_=chttp_tt_115,2005,8.2
Up,https://www.imdb.com//title/tt1049413/?pf_rd_m=A2FGELUUNOQJNL&pf_rd_p=2398042102&pf_rd_r=0F1P6X3M7GTYYPARYPPC&pf_rd_s=center-1&pf_rd_t=15506&pf_rd_i=top&ref_=chttp_tt_116,2009,8.2
Batman Begins,https://www.imdb.com//title/tt0372784/?pf_rd_m=A2FGELUUNOQJNL&pf_rd_p=2398042102&pf_rd_r=0F1P6X3M7GTYYPARYPPC&pf_rd_s=center-1&pf_rd_t=15506&pf_rd_i=top&ref_=chttp_tt_117,2005,8.2
Some Like It Hot,https://www.imdb.com//title/tt0053291/?pf_rd_m=A2FGELUUNOQJNL&pf_rd_p=2398042102&pf_rd_r=0F1P6X3M7GTYYPARYPPC&pf_rd_s=center-1&pf_rd_t=15506&pf_rd_i=top&ref_=chttp_tt_118,1959,8.2
The Treasure of the Sierra Madre,https://www.imdb.com//title/tt0040897/?pf_rd_m=A2FGELUUNOQJNL&pf_rd_p=2398042102&pf_rd_r=0F1P6X3M7GTYYPARYPPC&pf_rd_s=center-1&pf_rd_t=15506&pf_rd_i=top&ref_=chttp_tt_119,1948,8.2
Unforgiven,https://www.imdb.com//title/tt0105695/?pf_rd_m=A2FGELUUNOQJNL&pf_rd_p=2398042102&pf_rd_r=0F1P6X3M7GTYYPARYPPC&pf_rd_s=center-1&pf_rd_t=15506&pf_rd_i=top&ref_=chttp_tt_120,1992,8.2
Der Untergang,https://www.imdb.com//title/tt0363163/?pf_rd_m=A2FGELUUNOQJNL&pf_rd_p=2398042102&pf_rd_r=0F1P6X3M7GTYYPARYPPC&pf_rd_s=center-1&pf_rd_t=15506&pf_rd_i=top&ref_=chttp_tt_121,2004,8.2
Die Hard,https://www.imdb.com//title/tt0095016/?pf_rd_m=A2FGELUUNOQJNL&pf_rd_p=2398042102&pf_rd_r=0F1P6X3M7GTYYPARYPPC&pf_rd_s=center-1&pf_rd_t=15506&pf_rd_i=top&ref_=chttp_tt_122,1988,8.2
Raging Bull,https://www.imdb.com//title/tt0081398/?pf_rd_m=A2FGELUUNOQJNL&pf_rd_p=2398042102&pf_rd_r=0F1P6X3M7GTYYPARYPPC&pf_rd_s=center-1&pf_rd_t=15506&pf_rd_i=top&ref_=chttp_tt_123,1980,8.2
Heat,https://www.imdb.com//title/tt0113277/?pf_rd_m=A2FGELUUNOQJNL&pf_rd_p=2398042102&pf_rd_r=0F1P6X3M7GTYYPARYPPC&pf_rd_s=center-1&pf_rd_t=15506&pf_rd_i=top&ref_=chttp_tt_124,1995,8.2
The Third Man,https://www.imdb.com//title/tt0041959/?pf_rd_m=A2FGELUUNOQJNL&pf_rd_p=2398042102&pf_rd_r=0F1P6X3M7GTYYPARYPPC&pf_rd_s=center-1&pf_rd_t=15506&pf_rd_i=top&ref_=chttp_tt_125,1949,8.2
Bacheha-Ye aseman,https://www.imdb.com//title/tt0118849/?pf_rd_m=A2FGELUUNOQJNL&pf_rd_p=2398042102&pf_rd_r=0F1P6X3M7GTYYPARYPPC&pf_rd_s=center-1&pf_rd_t=15506&pf_rd_i=top&ref_=chttp_tt_126,1997,8.2
The Great Escape,https://www.imdb.com//title/tt0057115/?pf_rd_m=A2FGELUUNOQJNL&pf_rd_p=2398042102&pf_rd_r=0F1P6X3M7GTYYPARYPPC&pf_rd_s=center-1&pf_rd_t=15506&pf_rd_i=top&ref_=chttp_tt_127,1963,8.2
Ikiru,https://www.imdb.com//title/tt0044741/?pf_rd_m=A2FGELUUNOQJNL&pf_rd_p=2398042102&pf_rd_r=0F1P6X3M7GTYYPARYPPC&pf_rd_s=center-1&pf_rd_t=15506&pf_rd_i=top&ref_=chttp_tt_128,1952,8.2
Chinatown,https://www.imdb.com//title/tt0071315/?pf_rd_m=A2FGELUUNOQJNL&pf_rd_p=2398042102&pf_rd_r=0F1P6X3M7GTYYPARYPPC&pf_rd_s=center-1&pf_rd_t=15506&pf_rd_i=top&ref_=chttp_tt_129,1974,8.2
Pan's Labyrinth,https://www.imdb.com//title/tt0457430/?pf_rd_m=A2FGELUUNOQJNL&pf_rd_p=2398042102&pf_rd_r=0F1P6X3M7GTYYPARYPPC&pf_rd_s=center-1&pf_rd_t=15506&pf_rd_i=top&ref_=chttp_tt_130,2006,8.2
Tonari no Totoro,https://www.imdb.com//title/tt0096283/?pf_rd_m=A2FGELUUNOQJNL&pf_rd_p=2398042102&pf_rd_r=0F1P6X3M7GTYYPARYPPC&pf_rd_s=center-1&pf_rd_t=15506&pf_rd_i=top&ref_=chttp_tt_131,1988,8.2
Incendies,https://www.imdb.com//title/tt1255953/?pf_rd_m=A2FGELUUNOQJNL&pf_rd_p=2398042102&pf_rd_r=0F1P6X3M7GTYYPARYPPC&pf_rd_s=center-1&pf_rd_t=15506&pf_rd_i=top&ref_=chttp_tt_132,2010,8.2
Ran,https://www.imdb.com//title/tt0089881/?pf_rd_m=A2FGELUUNOQJNL&pf_rd_p=2398042102&pf_rd_r=0F1P6X3M7GTYYPARYPPC&pf_rd_s=center-1&pf_rd_t=15506&pf_rd_i=top&ref_=chttp_tt_133,1985,8.2
The Gold Rush,https://www.imdb.com//title/tt0015864/?pf_rd_m=A2FGELUUNOQJNL&pf_rd_p=2398042102&pf_rd_r=0F1P6X3M7GTYYPARYPPC&pf_rd_s=center-1&pf_rd_t=15506&pf_rd_i=top&ref_=chttp_tt_134,1925,8.2
Judgment at Nuremberg,https://www.imdb.com//title/tt0055031/?pf_rd_m=A2FGELUUNOQJNL&pf_rd_p=2398042102&pf_rd_r=0F1P6X3M7GTYYPARYPPC&pf_rd_s=center-1&pf_rd_t=15506&pf_rd_i=top&ref_=chttp_tt_135,1961,8.2
El secreto de sus ojos,https://www.imdb.com//title/tt1305806/?pf_rd_m=A2FGELUUNOQJNL&pf_rd_p=2398042102&pf_rd_r=0F1P6X3M7GTYYPARYPPC&pf_rd_s=center-1&pf_rd_t=15506&pf_rd_i=top&ref_=chttp_tt_136,2009,8.2
Inside Out,https://www.imdb.com//title/tt2096673/?pf_rd_m=A2FGELUUNOQJNL&pf_rd_p=2398042102&pf_rd_r=0F1P6X3M7GTYYPARYPPC&pf_rd_s=center-1&pf_rd_t=15506&pf_rd_i=top&ref_=chttp_tt_137,2015,8.2
On the Waterfront,https://www.imdb.com//title/tt0047296/?pf_rd_m=A2FGELUUNOQJNL&pf_rd_p=2398042102&pf_rd_r=0F1P6X3M7GTYYPARYPPC&pf_rd_s=center-1&pf_rd_t=15506&pf_rd_i=top&ref_=chttp_tt_138,1954,8.2
Hauru no ugoku shiro,https://www.imdb.com//title/tt0347149/?pf_rd_m=A2FGELUUNOQJNL&pf_rd_p=2398042102&pf_rd_r=0F1P6X3M7GTYYPARYPPC&pf_rd_s=center-1&pf_rd_t=15506&pf_rd_i=top&ref_=chttp_tt_139,2004,8.2
The Bridge on the River Kwai,https://www.imdb.com//title/tt0050212/?pf_rd_m=A2FGELUUNOQJNL&pf_rd_p=2398042102&pf_rd_r=0F1P6X3M7GTYYPARYPPC&pf_rd_s=center-1&pf_rd_t=15506&pf_rd_i=top&ref_=chttp_tt_140,1957,8.2
Room,https://www.imdb.com//title/tt3170832/?pf_rd_m=A2FGELUUNOQJNL&pf_rd_p=2398042102&pf_rd_r=0F1P6X3M7GTYYPARYPPC&pf_rd_s=center-1&pf_rd_t=15506&pf_rd_i=top&ref_=chttp_tt_141,2015,8.2
Det sjunde inseglet,https://www.imdb.com//title/tt0050976/?pf_rd_m=A2FGELUUNOQJNL&pf_rd_p=2398042102&pf_rd_r=0F1P6X3M7GTYYPARYPPC&pf_rd_s=center-1&pf_rd_t=15506&pf_rd_i=top&ref_=chttp_tt_142,1957,8.2
"Lock, Stock and Two Smoking Barrels",https://www.imdb.com//title/tt0120735/?pf_rd_m=A2FGELUUNOQJNL&pf_rd_p=2398042102&pf_rd_r=0F1P6X3M7GTYYPARYPPC&pf_rd_s=center-1&pf_rd_t=15506&pf_rd_i=top&ref_=chttp_tt_143,1998,8.2
Mr. Smith Goes to Washington,https://www.imdb.com//title/tt0031679/?pf_rd_m=A2FGELUUNOQJNL&pf_rd_p=2398042102&pf_rd_r=0F1P6X3M7GTYYPARYPPC&pf_rd_s=center-1&pf_rd_t=15506&pf_rd_i=top&ref_=chttp_tt_144,1939,8.2
Blade Runner,https://www.imdb.com//title/tt0083658/?pf_rd_m=A2FGELUUNOQJNL&pf_rd_p=2398042102&pf_rd_r=0F1P6X3M7GTYYPARYPPC&pf_rd_s=center-1&pf_rd_t=15506&pf_rd_i=top&ref_=chttp_tt_145,1982,8.2
Casino,https://www.imdb.com//title/tt0112641/?pf_rd_m=A2FGELUUNOQJNL&pf_rd_p=2398042102&pf_rd_r=0F1P6X3M7GTYYPARYPPC&pf_rd_s=center-1&pf_rd_t=15506&pf_rd_i=top&ref_=chttp_tt_146,1995,8.2
A Beautiful Mind,https://www.imdb.com//title/tt0268978/?pf_rd_m=A2FGELUUNOQJNL&pf_rd_p=2398042102&pf_rd_r=0F1P6X3M7GTYYPARYPPC&pf_rd_s=center-1&pf_rd_t=15506&pf_rd_i=top&ref_=chttp_tt_147,2001,8.2
The Elephant Man,https://www.imdb.com//title/tt0080678/?pf_rd_m=A2FGELUUNOQJNL&pf_rd_p=2398042102&pf_rd_r=0F1P6X3M7GTYYPARYPPC&pf_rd_s=center-1&pf_rd_t=15506&pf_rd_i=top&ref_=chttp_tt_148,1980,8.1
Smultronstället,https://www.imdb.com//title/tt0050986/?pf_rd_m=A2FGELUUNOQJNL&pf_rd_p=2398042102&pf_rd_r=0F1P6X3M7GTYYPARYPPC&pf_rd_s=center-1&pf_rd_t=15506&pf_rd_i=top&ref_=chttp_tt_149,1957,8.1
V for Vendetta,https://www.imdb.com//title/tt0434409/?pf_rd_m=A2FGELUUNOQJNL&pf_rd_p=2398042102&pf_rd_r=0F1P6X3M7GTYYPARYPPC&pf_rd_s=center-1&pf_rd_t=15506&pf_rd_i=top&ref_=chttp_tt_150,2005,8.1
The Wolf of Wall Street,https://www.imdb.com//title/tt0993846/?pf_rd_m=A2FGELUUNOQJNL&pf_rd_p=2398042102&pf_rd_r=0F1P6X3M7GTYYPARYPPC&pf_rd_s=center-1&pf_rd_t=15506&pf_rd_i=top&ref_=chttp_tt_151,2013,8.1
The General,https://www.imdb.com//title/tt0017925/?pf_rd_m=A2FGELUUNOQJNL&pf_rd_p=2398042102&pf_rd_r=0F1P6X3M7GTYYPARYPPC&pf_rd_s=center-1&pf_rd_t=15506&pf_rd_i=top&ref_=chttp_tt_152,1926,8.1
Warrior,https://www.imdb.com//title/tt1291584/?pf_rd_m=A2FGELUUNOQJNL&pf_rd_p=2398042102&pf_rd_r=0F1P6X3M7GTYYPARYPPC&pf_rd_s=center-1&pf_rd_t=15506&pf_rd_i=top&ref_=chttp_tt_153,2011,8.1
Trainspotting,https://www.imdb.com//title/tt0117951/?pf_rd_m=A2FGELUUNOQJNL&pf_rd_p=2398042102&pf_rd_r=0F1P6X3M7GTYYPARYPPC&pf_rd_s=center-1&pf_rd_t=15506&pf_rd_i=top&ref_=chttp_tt_154,1996,8.1
Dial M for Murder,https://www.imdb.com//title/tt0046912/?pf_rd_m=A2FGELUUNOQJNL&pf_rd_p=2398042102&pf_rd_r=0F1P6X3M7GTYYPARYPPC&pf_rd_s=center-1&pf_rd_t=15506&pf_rd_i=top&ref_=chttp_tt_155,1954,8.1
Gran Torino,https://www.imdb.com//title/tt1205489/?pf_rd_m=A2FGELUUNOQJNL&pf_rd_p=2398042102&pf_rd_r=0F1P6X3M7GTYYPARYPPC&pf_rd_s=center-1&pf_rd_t=15506&pf_rd_i=top&ref_=chttp_tt_156,2008,8.1
Sunrise: A Song of Two Humans,https://www.imdb.com//title/tt0018455/?pf_rd_m=A2FGELUUNOQJNL&pf_rd_p=2398042102&pf_rd_r=0F1P6X3M7GTYYPARYPPC&pf_rd_s=center-1&pf_rd_t=15506&pf_rd_i=top&ref_=chttp_tt_157,1927,8.1
Gone with the Wind,https://www.imdb.com//title/tt0031381/?pf_rd_m=A2FGELUUNOQJNL&pf_rd_p=2398042102&pf_rd_r=0F1P6X3M7GTYYPARYPPC&pf_rd_s=center-1&pf_rd_t=15506&pf_rd_i=top&ref_=chttp_tt_158,1939,8.1
Andrei Rublev,https://www.imdb.com//title/tt0060107/?pf_rd_m=A2FGELUUNOQJNL&pf_rd_p=2398042102&pf_rd_r=0F1P6X3M7GTYYPARYPPC&pf_rd_s=center-1&pf_rd_t=15506&pf_rd_i=top&ref_=chttp_tt_159,1966,8.1
The Deer Hunter,https://www.imdb.com//title/tt0077416/?pf_rd_m=A2FGELUUNOQJNL&pf_rd_p=2398042102&pf_rd_r=0F1P6X3M7GTYYPARYPPC&pf_rd_s=center-1&pf_rd_t=15506&pf_rd_i=top&ref_=chttp_tt_160,1978,8.1
The Sixth Sense,https://www.imdb.com//title/tt0167404/?pf_rd_m=A2FGELUUNOQJNL&pf_rd_p=2398042102&pf_rd_r=0F1P6X3M7GTYYPARYPPC&pf_rd_s=center-1&pf_rd_t=15506&pf_rd_i=top&ref_=chttp_tt_161,1999,8.1
Fargo,https://www.imdb.com//title/tt0116282/?pf_rd_m=A2FGELUUNOQJNL&pf_rd_p=2398042102&pf_rd_r=0F1P6X3M7GTYYPARYPPC&pf_rd_s=center-1&pf_rd_t=15506&pf_rd_i=top&ref_=chttp_tt_162,1996,8.1
The Thing,https://www.imdb.com//title/tt0084787/?pf_rd_m=A2FGELUUNOQJNL&pf_rd_p=2398042102&pf_rd_r=0F1P6X3M7GTYYPARYPPC&pf_rd_s=center-1&pf_rd_t=15506&pf_rd_i=top&ref_=chttp_tt_163,1982,8.1
No Country for Old Men,https://www.imdb.com//title/tt0477348/?pf_rd_m=A2FGELUUNOQJNL&pf_rd_p=2398042102&pf_rd_r=0F1P6X3M7GTYYPARYPPC&pf_rd_s=center-1&pf_rd_t=15506&pf_rd_i=top&ref_=chttp_tt_164,2007,8.1
The Big Lebowski,https://www.imdb.com//title/tt0118715/?pf_rd_m=A2FGELUUNOQJNL&pf_rd_p=2398042102&pf_rd_r=0F1P6X3M7GTYYPARYPPC&pf_rd_s=center-1&pf_rd_t=15506&pf_rd_i=top&ref_=chttp_tt_165,1998,8.1
Finding Nemo,https://www.imdb.com//title/tt0266543/?pf_rd_m=A2FGELUUNOQJNL&pf_rd_p=2398042102&pf_rd_r=0F1P6X3M7GTYYPARYPPC&pf_rd_s=center-1&pf_rd_t=15506&pf_rd_i=top&ref_=chttp_tt_166,2003,8.1
Eskiya,https://www.imdb.com//title/tt0116231/?pf_rd_m=A2FGELUUNOQJNL&pf_rd_p=2398042102&pf_rd_r=0F1P6X3M7GTYYPARYPPC&pf_rd_s=center-1&pf_rd_t=15506&pf_rd_i=top&ref_=chttp_tt_167,1996,8.1
Tôkyô monogatari,https://www.imdb.com//title/tt0046438/?pf_rd_m=A2FGELUUNOQJNL&pf_rd_p=2398042102&pf_rd_r=0F1P6X3M7GTYYPARYPPC&pf_rd_s=center-1&pf_rd_t=15506&pf_rd_i=top&ref_=chttp_tt_168,1953,8.1
There Will Be Blood,https://www.imdb.com//title/tt0469494/?pf_rd_m=A2FGELUUNOQJNL&pf_rd_p=2398042102&pf_rd_r=0F1P6X3M7GTYYPARYPPC&pf_rd_s=center-1&pf_rd_t=15506&pf_rd_i=top&ref_=chttp_tt_169,2007,8.1
Cool Hand Luke,https://www.imdb.com//title/tt0061512/?pf_rd_m=A2FGELUUNOQJNL&pf_rd_p=2398042102&pf_rd_r=0F1P6X3M7GTYYPARYPPC&pf_rd_s=center-1&pf_rd_t=15506&pf_rd_i=top&ref_=chttp_tt_170,1967,8.1
Idi i smotri,https://www.imdb.com//title/tt0091251/?pf_rd_m=A2FGELUUNOQJNL&pf_rd_p=2398042102&pf_rd_r=0F1P6X3M7GTYYPARYPPC&pf_rd_s=center-1&pf_rd_t=15506&pf_rd_i=top&ref_=chttp_tt_171,1985,8.1
Rebecca,https://www.imdb.com//title/tt0032976/?pf_rd_m=A2FGELUUNOQJNL&pf_rd_p=2398042102&pf_rd_r=0F1P6X3M7GTYYPARYPPC&pf_rd_s=center-1&pf_rd_t=15506&pf_rd_i=top&ref_=chttp_tt_172,1940,8.1
Hacksaw Ridge,https://www.imdb.com//title/tt2119532/?pf_rd_m=A2FGELUUNOQJNL&pf_rd_p=2398042102&pf_rd_r=0F1P6X3M7GTYYPARYPPC&pf_rd_s=center-1&pf_rd_t=15506&pf_rd_i=top&ref_=chttp_tt_173,2016,8.1
Kill Bill: Vol. 1,https://www.imdb.com//title/tt0266697/?pf_rd_m=A2FGELUUNOQJNL&pf_rd_p=2398042102&pf_rd_r=0F1P6X3M7GTYYPARYPPC&pf_rd_s=center-1&pf_rd_t=15506&pf_rd_i=top&ref_=chttp_tt_174,2003,8.1
La La Land,https://www.imdb.com//title/tt3783958/?pf_rd_m=A2FGELUUNOQJNL&pf_rd_p=2398042102&pf_rd_r=0F1P6X3M7GTYYPARYPPC&pf_rd_s=center-1&pf_rd_t=15506&pf_rd_i=top&ref_=chttp_tt_175,2016,8.1
Rang De Basanti,https://www.imdb.com//title/tt0405508/?pf_rd_m=A2FGELUUNOQJNL&pf_rd_p=2398042102&pf_rd_r=0F1P6X3M7GTYYPARYPPC&pf_rd_s=center-1&pf_rd_t=15506&pf_rd_i=top&ref_=chttp_tt_176,2006,8.1
How to Train Your Dragon,https://www.imdb.com//title/tt0892769/?pf_rd_m=A2FGELUUNOQJNL&pf_rd_p=2398042102&pf_rd_r=0F1P6X3M7GTYYPARYPPC&pf_rd_s=center-1&pf_rd_t=15506&pf_rd_i=top&ref_=chttp_tt_177,2010,8.1
La passion de Jeanne d'Arc,https://www.imdb.com//title/tt0019254/?pf_rd_m=A2FGELUUNOQJNL&pf_rd_p=2398042102&pf_rd_r=0F1P6X3M7GTYYPARYPPC&pf_rd_s=center-1&pf_rd_t=15506&pf_rd_i=top&ref_=chttp_tt_178,1928,8.1
Mary and Max,https://www.imdb.com//title/tt0978762/?pf_rd_m=A2FGELUUNOQJNL&pf_rd_p=2398042102&pf_rd_r=0F1P6X3M7GTYYPARYPPC&pf_rd_s=center-1&pf_rd_t=15506&pf_rd_i=top&ref_=chttp_tt_179,2009,8.1
Gone Girl,https://www.imdb.com//title/tt2267998/?pf_rd_m=A2FGELUUNOQJNL&pf_rd_p=2398042102&pf_rd_r=0F1P6X3M7GTYYPARYPPC&pf_rd_s=center-1&pf_rd_t=15506&pf_rd_i=top&ref_=chttp_tt_180,2014,8.1
Shutter Island,https://www.imdb.com//title/tt1130884/?pf_rd_m=A2FGELUUNOQJNL&pf_rd_p=2398042102&pf_rd_r=0F1P6X3M7GTYYPARYPPC&pf_rd_s=center-1&pf_rd_t=15506&pf_rd_i=top&ref_=chttp_tt_181,2010,8.1
Into the Wild,https://www.imdb.com//title/tt0758758/?pf_rd_m=A2FGELUUNOQJNL&pf_rd_p=2398042102&pf_rd_r=0F1P6X3M7GTYYPARYPPC&pf_rd_s=center-1&pf_rd_t=15506&pf_rd_i=top&ref_=chttp_tt_182,2007,8.1
It Happened One Night,https://www.imdb.com//title/tt0025316/?pf_rd_m=A2FGELUUNOQJNL&pf_rd_p=2398042102&pf_rd_r=0F1P6X3M7GTYYPARYPPC&pf_rd_s=center-1&pf_rd_t=15506&pf_rd_i=top&ref_=chttp_tt_183,1934,8.1
Logan,https://www.imdb.com//title/tt3315342/?pf_rd_m=A2FGELUUNOQJNL&pf_rd_p=2398042102&pf_rd_r=0F1P6X3M7GTYYPARYPPC&pf_rd_s=center-1&pf_rd_t=15506&pf_rd_i=top&ref_=chttp_tt_184,2017,8.1
Life of Brian,https://www.imdb.com//title/tt0079470/?pf_rd_m=A2FGELUUNOQJNL&pf_rd_p=2398042102&pf_rd_r=0F1P6X3M7GTYYPARYPPC&pf_rd_s=center-1&pf_rd_t=15506&pf_rd_i=top&ref_=chttp_tt_185,1979,8.1
Thor: Ragnarok,https://www.imdb.com//title/tt3501632/?pf_rd_m=A2FGELUUNOQJNL&pf_rd_p=2398042102&pf_rd_r=0F1P6X3M7GTYYPARYPPC&pf_rd_s=center-1&pf_rd_t=15506&pf_rd_i=top&ref_=chttp_tt_186,2017,8.1
Relatos salvajes,https://www.imdb.com//title/tt3011894/?pf_rd_m=A2FGELUUNOQJNL&pf_rd_p=2398042102&pf_rd_r=0F1P6X3M7GTYYPARYPPC&pf_rd_s=center-1&pf_rd_t=15506&pf_rd_i=top&ref_=chttp_tt_187,2014,8.1
Platoon,https://www.imdb.com//title/tt0091763/?pf_rd_m=A2FGELUUNOQJNL&pf_rd_p=2398042102&pf_rd_r=0F1P6X3M7GTYYPARYPPC&pf_rd_s=center-1&pf_rd_t=15506&pf_rd_i=top&ref_=chttp_tt_188,1986,8.1
Le salaire de la peur,https://www.imdb.com//title/tt0046268/?pf_rd_m=A2FGELUUNOQJNL&pf_rd_p=2398042102&pf_rd_r=0F1P6X3M7GTYYPARYPPC&pf_rd_s=center-1&pf_rd_t=15506&pf_rd_i=top&ref_=chttp_tt_189,1953,8.1
A Wednesday,https://www.imdb.com//title/tt1280558/?pf_rd_m=A2FGELUUNOQJNL&pf_rd_p=2398042102&pf_rd_r=0F1P6X3M7GTYYPARYPPC&pf_rd_s=center-1&pf_rd_t=15506&pf_rd_i=top&ref_=chttp_tt_190,2008,8.1
Hotel Rwanda,https://www.imdb.com//title/tt0395169/?pf_rd_m=A2FGELUUNOQJNL&pf_rd_p=2398042102&pf_rd_r=0F1P6X3M7GTYYPARYPPC&pf_rd_s=center-1&pf_rd_t=15506&pf_rd_i=top&ref_=chttp_tt_191,2004,8.1
Network,https://www.imdb.com//title/tt0074958/?pf_rd_m=A2FGELUUNOQJNL&pf_rd_p=2398042102&pf_rd_r=0F1P6X3M7GTYYPARYPPC&pf_rd_s=center-1&pf_rd_t=15506&pf_rd_i=top&ref_=chttp_tt_192,1976,8.1
In the Name of the Father,https://www.imdb.com//title/tt0107207/?pf_rd_m=A2FGELUUNOQJNL&pf_rd_p=2398042102&pf_rd_r=0F1P6X3M7GTYYPARYPPC&pf_rd_s=center-1&pf_rd_t=15506&pf_rd_i=top&ref_=chttp_tt_193,1993,8.1
Rush,https://www.imdb.com//title/tt1979320/?pf_rd_m=A2FGELUUNOQJNL&pf_rd_p=2398042102&pf_rd_r=0F1P6X3M7GTYYPARYPPC&pf_rd_s=center-1&pf_rd_t=15506&pf_rd_i=top&ref_=chttp_tt_194,2013,8.1
Stand by Me,https://www.imdb.com//title/tt0092005/?pf_rd_m=A2FGELUUNOQJNL&pf_rd_p=2398042102&pf_rd_r=0F1P6X3M7GTYYPARYPPC&pf_rd_s=center-1&pf_rd_t=15506&pf_rd_i=top&ref_=chttp_tt_195,1986,8.1
Persona,https://www.imdb.com//title/tt0060827/?pf_rd_m=A2FGELUUNOQJNL&pf_rd_p=2398042102&pf_rd_r=0F1P6X3M7GTYYPARYPPC&pf_rd_s=center-1&pf_rd_t=15506&pf_rd_i=top&ref_=chttp_tt_196,1966,8.1
Ben-Hur,https://www.imdb.com//title/tt0052618/?pf_rd_m=A2FGELUUNOQJNL&pf_rd_p=2398042102&pf_rd_r=0F1P6X3M7GTYYPARYPPC&pf_rd_s=center-1&pf_rd_t=15506&pf_rd_i=top&ref_=chttp_tt_197,1959,8.1
The Grand Budapest Hotel,https://www.imdb.com//title/tt2278388/?pf_rd_m=A2FGELUUNOQJNL&pf_rd_p=2398042102&pf_rd_r=0F1P6X3M7GTYYPARYPPC&pf_rd_s=center-1&pf_rd_t=15506&pf_rd_i=top&ref_=chttp_tt_198,2014,8.1
Les quatre cents coups,https://www.imdb.com//title/tt0053198/?pf_rd_m=A2FGELUUNOQJNL&pf_rd_p=2398042102&pf_rd_r=0F1P6X3M7GTYYPARYPPC&pf_rd_s=center-1&pf_rd_t=15506&pf_rd_i=top&ref_=chttp_tt_199,1959,8.1
Salinui chueok,https://www.imdb.com//title/tt0353969/?pf_rd_m=A2FGELUUNOQJNL&pf_rd_p=2398042102&pf_rd_r=0F1P6X3M7GTYYPARYPPC&pf_rd_s=center-1&pf_rd_t=15506&pf_rd_i=top&ref_=chttp_tt_200,2003,8.1
12 Years a Slave,https://www.imdb.com//title/tt2024544/?pf_rd_m=A2FGELUUNOQJNL&pf_rd_p=2398042102&pf_rd_r=0F1P6X3M7GTYYPARYPPC&pf_rd_s=center-1&pf_rd_t=15506&pf_rd_i=top&ref_=chttp_tt_201,2013,8.1
Jurassic Park,https://www.imdb.com//title/tt0107290/?pf_rd_m=A2FGELUUNOQJNL&pf_rd_p=2398042102&pf_rd_r=0F1P6X3M7GTYYPARYPPC&pf_rd_s=center-1&pf_rd_t=15506&pf_rd_i=top&ref_=chttp_tt_202,1993,8.1
Mad Max: Fury Road,https://www.imdb.com//title/tt1392190/?pf_rd_m=A2FGELUUNOQJNL&pf_rd_p=2398042102&pf_rd_r=0F1P6X3M7GTYYPARYPPC&pf_rd_s=center-1&pf_rd_t=15506&pf_rd_i=top&ref_=chttp_tt_203,2015,8.1
Million Dollar Baby,https://www.imdb.com//title/tt0405159/?pf_rd_m=A2FGELUUNOQJNL&pf_rd_p=2398042102&pf_rd_r=0F1P6X3M7GTYYPARYPPC&pf_rd_s=center-1&pf_rd_t=15506&pf_rd_i=top&ref_=chttp_tt_204,2004,8.1
Spotlight,https://www.imdb.com//title/tt1895587/?pf_rd_m=A2FGELUUNOQJNL&pf_rd_p=2398042102&pf_rd_r=0F1P6X3M7GTYYPARYPPC&pf_rd_s=center-1&pf_rd_t=15506&pf_rd_i=top&ref_=chttp_tt_205,2015,8.1
Stalker,https://www.imdb.com//title/tt0079944/?pf_rd_m=A2FGELUUNOQJNL&pf_rd_p=2398042102&pf_rd_r=0F1P6X3M7GTYYPARYPPC&pf_rd_s=center-1&pf_rd_t=15506&pf_rd_i=top&ref_=chttp_tt_206,1979,8.1
Butch Cassidy and the Sundance Kid,https://www.imdb.com//title/tt0064115/?pf_rd_m=A2FGELUUNOQJNL&pf_rd_p=2398042102&pf_rd_r=0F1P6X3M7GTYYPARYPPC&pf_rd_s=center-1&pf_rd_t=15506&pf_rd_i=top&ref_=chttp_tt_207,1969,8.1
Amores perros,https://www.imdb.com//title/tt0245712/?pf_rd_m=A2FGELUUNOQJNL&pf_rd_p=2398042102&pf_rd_r=0F1P6X3M7GTYYPARYPPC&pf_rd_s=center-1&pf_rd_t=15506&pf_rd_i=top&ref_=chttp_tt_208,2000,8.1
The Truman Show,https://www.imdb.com//title/tt0120382/?pf_rd_m=A2FGELUUNOQJNL&pf_rd_p=2398042102&pf_rd_r=0F1P6X3M7GTYYPARYPPC&pf_rd_s=center-1&pf_rd_t=15506&pf_rd_i=top&ref_=chttp_tt_209,1998,8.1
Hachi: A Dog's Tale,https://www.imdb.com//title/tt1028532/?pf_rd_m=A2FGELUUNOQJNL&pf_rd_p=2398042102&pf_rd_r=0F1P6X3M7GTYYPARYPPC&pf_rd_s=center-1&pf_rd_t=15506&pf_rd_i=top&ref_=chttp_tt_210,2009,8.1
The Maltese Falcon,https://www.imdb.com//title/tt0033870/?pf_rd_m=A2FGELUUNOQJNL&pf_rd_p=2398042102&pf_rd_r=0F1P6X3M7GTYYPARYPPC&pf_rd_s=center-1&pf_rd_t=15506&pf_rd_i=top&ref_=chttp_tt_211,1941,8.1
Kaze no tani no Naushika,https://www.imdb.com//title/tt0087544/?pf_rd_m=A2FGELUUNOQJNL&pf_rd_p=2398042102&pf_rd_r=0F1P6X3M7GTYYPARYPPC&pf_rd_s=center-1&pf_rd_t=15506&pf_rd_i=top&ref_=chttp_tt_212,1984,8.1
The Princess Bride,https://www.imdb.com//title/tt0093779/?pf_rd_m=A2FGELUUNOQJNL&pf_rd_p=2398042102&pf_rd_r=0F1P6X3M7GTYYPARYPPC&pf_rd_s=center-1&pf_rd_t=15506&pf_rd_i=top&ref_=chttp_tt_213,1987,8.1
Before Sunrise,https://www.imdb.com//title/tt0112471/?pf_rd_m=A2FGELUUNOQJNL&pf_rd_p=2398042102&pf_rd_r=0F1P6X3M7GTYYPARYPPC&pf_rd_s=center-1&pf_rd_t=15506&pf_rd_i=top&ref_=chttp_tt_214,1995,8.1
Le notti di Cabiria,https://www.imdb.com//title/tt0050783/?pf_rd_m=A2FGELUUNOQJNL&pf_rd_p=2398042102&pf_rd_r=0F1P6X3M7GTYYPARYPPC&pf_rd_s=center-1&pf_rd_t=15506&pf_rd_i=top&ref_=chttp_tt_215,1957,8.0
Paper Moon,https://www.imdb.com//title/tt0070510/?pf_rd_m=A2FGELUUNOQJNL&pf_rd_p=2398042102&pf_rd_r=0F1P6X3M7GTYYPARYPPC&pf_rd_s=center-1&pf_rd_t=15506&pf_rd_i=top&ref_=chttp_tt_216,1973,8.0
Prisoners,https://www.imdb.com//title/tt1392214/?pf_rd_m=A2FGELUUNOQJNL&pf_rd_p=2398042102&pf_rd_r=0F1P6X3M7GTYYPARYPPC&pf_rd_s=center-1&pf_rd_t=15506&pf_rd_i=top&ref_=chttp_tt_217,2013,8.0
Harry Potter and the Deathly Hallows: Part 2,https://www.imdb.com//title/tt1201607/?pf_rd_m=A2FGELUUNOQJNL&pf_rd_p=2398042102&pf_rd_r=0F1P6X3M7GTYYPARYPPC&pf_rd_s=center-1&pf_rd_t=15506&pf_rd_i=top&ref_=chttp_tt_218,2011,8.0
The Grapes of Wrath,https://www.imdb.com//title/tt0032551/?pf_rd_m=A2FGELUUNOQJNL&pf_rd_p=2398042102&pf_rd_r=0F1P6X3M7GTYYPARYPPC&pf_rd_s=center-1&pf_rd_t=15506&pf_rd_i=top&ref_=chttp_tt_219,1940,8.0
Rocky,https://www.imdb.com//title/tt0075148/?pf_rd_m=A2FGELUUNOQJNL&pf_rd_p=2398042102&pf_rd_r=0F1P6X3M7GTYYPARYPPC&pf_rd_s=center-1&pf_rd_t=15506&pf_rd_i=top&ref_=chttp_tt_220,1976,8.0
Catch Me If You Can,https://www.imdb.com//title/tt0264464/?pf_rd_m=A2FGELUUNOQJNL&pf_rd_p=2398042102&pf_rd_r=0F1P6X3M7GTYYPARYPPC&pf_rd_s=center-1&pf_rd_t=15506&pf_rd_i=top&ref_=chttp_tt_221,2002,8.0
Touch of Evil,https://www.imdb.com//title/tt0052311/?pf_rd_m=A2FGELUUNOQJNL&pf_rd_p=2398042102&pf_rd_r=0F1P6X3M7GTYYPARYPPC&pf_rd_s=center-1&pf_rd_t=15506&pf_rd_i=top&ref_=chttp_tt_222,1958,8.0
Les diaboliques,https://www.imdb.com//title/tt0046911/?pf_rd_m=A2FGELUUNOQJNL&pf_rd_p=2398042102&pf_rd_r=0F1P6X3M7GTYYPARYPPC&pf_rd_s=center-1&pf_rd_t=15506&pf_rd_i=top&ref_=chttp_tt_223,1955,8.0
Gandhi,https://www.imdb.com//title/tt0083987/?pf_rd_m=A2FGELUUNOQJNL&pf_rd_p=2398042102&pf_rd_r=0F1P6X3M7GTYYPARYPPC&pf_rd_s=center-1&pf_rd_t=15506&pf_rd_i=top&ref_=chttp_tt_224,1982,8.0
Donnie Darko,https://www.imdb.com//title/tt0246578/?pf_rd_m=A2FGELUUNOQJNL&pf_rd_p=2398042102&pf_rd_r=0F1P6X3M7GTYYPARYPPC&pf_rd_s=center-1&pf_rd_t=15506&pf_rd_i=top&ref_=chttp_tt_225,2001,8.0
"Monsters, Inc.",https://www.imdb.com//title/tt0198781/?pf_rd_m=A2FGELUUNOQJNL&pf_rd_p=2398042102&pf_rd_r=0F1P6X3M7GTYYPARYPPC&pf_rd_s=center-1&pf_rd_t=15506&pf_rd_i=top&ref_=chttp_tt_226,2001,8.0
Munna Bhai M.B.B.S.,https://www.imdb.com//title/tt0374887/?pf_rd_m=A2FGELUUNOQJNL&pf_rd_p=2398042102&pf_rd_r=0F1P6X3M7GTYYPARYPPC&pf_rd_s=center-1&pf_rd_t=15506&pf_rd_i=top&ref_=chttp_tt_227,2003,8.0
Annie Hall,https://www.imdb.com//title/tt0075686/?pf_rd_m=A2FGELUUNOQJNL&pf_rd_p=2398042102&pf_rd_r=0F1P6X3M7GTYYPARYPPC&pf_rd_s=center-1&pf_rd_t=15506&pf_rd_i=top&ref_=chttp_tt_228,1977,8.0
Star Wars: Episode VII - The Force Awakens,https://www.imdb.com//title/tt2488496/?pf_rd_m=A2FGELUUNOQJNL&pf_rd_p=2398042102&pf_rd_r=0F1P6X3M7GTYYPARYPPC&pf_rd_s=center-1&pf_rd_t=15506&pf_rd_i=top&ref_=chttp_tt_229,2015,8.0
Barry Lyndon,https://www.imdb.com//title/tt0072684/?pf_rd_m=A2FGELUUNOQJNL&pf_rd_p=2398042102&pf_rd_r=0F1P6X3M7GTYYPARYPPC&pf_rd_s=center-1&pf_rd_t=15506&pf_rd_i=top&ref_=chttp_tt_230,1975,8.0
The Terminator,https://www.imdb.com//title/tt0088247/?pf_rd_m=A2FGELUUNOQJNL&pf_rd_p=2398042102&pf_rd_r=0F1P6X3M7GTYYPARYPPC&pf_rd_s=center-1&pf_rd_t=15506&pf_rd_i=top&ref_=chttp_tt_231,1984,8.0
The Bourne Ultimatum,https://www.imdb.com//title/tt0440963/?pf_rd_m=A2FGELUUNOQJNL&pf_rd_p=2398042102&pf_rd_r=0F1P6X3M7GTYYPARYPPC&pf_rd_s=center-1&pf_rd_t=15506&pf_rd_i=top&ref_=chttp_tt_232,2007,8.0
The Wizard of Oz,https://www.imdb.com//title/tt0032138/?pf_rd_m=A2FGELUUNOQJNL&pf_rd_p=2398042102&pf_rd_r=0F1P6X3M7GTYYPARYPPC&pf_rd_s=center-1&pf_rd_t=15506&pf_rd_i=top&ref_=chttp_tt_233,1939,8.0
Groundhog Day,https://www.imdb.com//title/tt0107048/?pf_rd_m=A2FGELUUNOQJNL&pf_rd_p=2398042102&pf_rd_r=0F1P6X3M7GTYYPARYPPC&pf_rd_s=center-1&pf_rd_t=15506&pf_rd_i=top&ref_=chttp_tt_234,1993,8.0
La haine,https://www.imdb.com//title/tt0113247/?pf_rd_m=A2FGELUUNOQJNL&pf_rd_p=2398042102&pf_rd_r=0F1P6X3M7GTYYPARYPPC&pf_rd_s=center-1&pf_rd_t=15506&pf_rd_i=top&ref_=chttp_tt_235,1995,8.0
8½,https://www.imdb.com//title/tt0056801/?pf_rd_m=A2FGELUUNOQJNL&pf_rd_p=2398042102&pf_rd_r=0F1P6X3M7GTYYPARYPPC&pf_rd_s=center-1&pf_rd_t=15506&pf_rd_i=top&ref_=chttp_tt_236,1963,8.0
Jaws,https://www.imdb.com//title/tt0073195/?pf_rd_m=A2FGELUUNOQJNL&pf_rd_p=2398042102&pf_rd_r=0F1P6X3M7GTYYPARYPPC&pf_rd_s=center-1&pf_rd_t=15506&pf_rd_i=top&ref_=chttp_tt_237,1975,8.0
The Best Years of Our Lives,https://www.imdb.com//title/tt0036868/?pf_rd_m=A2FGELUUNOQJNL&pf_rd_p=2398042102&pf_rd_r=0F1P6X3M7GTYYPARYPPC&pf_rd_s=center-1&pf_rd_t=15506&pf_rd_i=top&ref_=chttp_tt_238,1946,8.0
Twelve Monkeys,https://www.imdb.com//title/tt0114746/?pf_rd_m=A2FGELUUNOQJNL&pf_rd_p=2398042102&pf_rd_r=0F1P6X3M7GTYYPARYPPC&pf_rd_s=center-1&pf_rd_t=15506&pf_rd_i=top&ref_=chttp_tt_239,1995,8.0
Mou gaan dou,https://www.imdb.com//title/tt0338564/?pf_rd_m=A2FGELUUNOQJNL&pf_rd_p=2398042102&pf_rd_r=0F1P6X3M7GTYYPARYPPC&pf_rd_s=center-1&pf_rd_t=15506&pf_rd_i=top&ref_=chttp_tt_240,2002,8.0
The Help,https://www.imdb.com//title/tt1454029/?pf_rd_m=A2FGELUUNOQJNL&pf_rd_p=2398042102&pf_rd_r=0F1P6X3M7GTYYPARYPPC&pf_rd_s=center-1&pf_rd_t=15506&pf_rd_i=top&ref_=chttp_tt_241,2011,8.0
"Paris, Texas",https://www.imdb.com//title/tt0087884/?pf_rd_m=A2FGELUUNOQJNL&pf_rd_p=2398042102&pf_rd_r=0F1P6X3M7GTYYPARYPPC&pf_rd_s=center-1&pf_rd_t=15506&pf_rd_i=top&ref_=chttp_tt_242,1984,8.0
Faa yeung nin wa,https://www.imdb.com//title/tt0118694/?pf_rd_m=A2FGELUUNOQJNL&pf_rd_p=2398042102&pf_rd_r=0F1P6X3M7GTYYPARYPPC&pf_rd_s=center-1&pf_rd_t=15506&pf_rd_i=top&ref_=chttp_tt_243,2000,8.0
La battaglia di Algeri,https://www.imdb.com//title/tt0058946/?pf_rd_m=A2FGELUUNOQJNL&pf_rd_p=2398042102&pf_rd_r=0F1P6X3M7GTYYPARYPPC&pf_rd_s=center-1&pf_rd_t=15506&pf_rd_i=top&ref_=chttp_tt_244,1966,8.0
Beauty and the Beast,https://www.imdb.com//title/tt0101414/?pf_rd_m=A2FGELUUNOQJNL&pf_rd_p=2398042102&pf_rd_r=0F1P6X3M7GTYYPARYPPC&pf_rd_s=center-1&pf_rd_t=15506&pf_rd_i=top&ref_=chttp_tt_245,1991,8.0
Ah-ga-ssi,https://www.imdb.com//title/tt4016934/?pf_rd_m=A2FGELUUNOQJNL&pf_rd_p=2398042102&pf_rd_r=0F1P6X3M7GTYYPARYPPC&pf_rd_s=center-1&pf_rd_t=15506&pf_rd_i=top&ref_=chttp_tt_246,2016,8.0
Dead Poets Society,https://www.imdb.com//title/tt0097165/?pf_rd_m=A2FGELUUNOQJNL&pf_rd_p=2398042102&pf_rd_r=0F1P6X3M7GTYYPARYPPC&pf_rd_s=center-1&pf_rd_t=15506&pf_rd_i=top&ref_=chttp_tt_247,1989,8.0
Pirates of the Caribbean: The Curse of the Black Pearl,https://www.imdb.com//title/tt0325980/?pf_rd_m=A2FGELUUNOQJNL&pf_rd_p=2398042102&pf_rd_r=0F1P6X3M7GTYYPARYPPC&pf_rd_s=center-1&pf_rd_t=15506&pf_rd_i=top&ref_=chttp_tt_248,2003,8.0
Dog Day Afternoon,https://www.imdb.com//title/tt0072890/?pf_rd_m=A2FGELUUNOQJNL&pf_rd_p=2398042102&pf_rd_r=0F1P6X3M7GTYYPARYPPC&pf_rd_s=center-1&pf_rd_t=15506&pf_rd_i=top&ref_=chttp_tt_249,1975,8.0
Tenkû no shiro Rapyuta,https://www.imdb.com//title/tt0092067/?pf_rd_m=A2FGELUUNOQJNL&pf_rd_p=2398042102&pf_rd_r=0F1P6X3M7GTYYPARYPPC&pf_rd_s=center-1&pf_rd_t=15506&pf_rd_i=top&ref_=chttp_tt_250,1986,8.0
